Union_Set_id,set_of_sets_ids,ESTIMATED_UNION_SIZE
0,"{0, 1}",853785197.3282684
1,"{0, 10}",966937452.5283968
2,"{1, 11, 21}",852489620.3960562
3,"{2, 12, 22, 32}",890318002.9619654
4,"{3, 13, 23, 33, 43}",883318647.5849057
5,"{4, 14, 24, 34, 44}",930116986.582781
6,"{12, 22}",539664418.3083596
7,"{23, 33}",883318647.5849057
8,"{4, 34, 44}",930116986.582781
9,"{4, 44}",636950861.2449005
