Search Engine,MRR
SE_1,0.08141404941469493
SE_2,0.48630335946437037
SE_3,0.3951175831995049
