Search Engine,Mean(nDCG@1),Mean(nDCG@3),Mean(nDCG@5),Mean(nDCG@10)
SE_1,0.025520600825122697,0.061578893685445564,0.08554551835797757,0.12678551045013095
SE_2,0.19555370681057133,0.5263525018787374,0.6729905494618008,0.8041102473977562
SE_3,0.15802383589317207,0.38896564129463196,0.4879705074230324,0.6130013352245768
