Search Engine,Mean(P@1),Mean(P@3),Mean(P@5),Mean(P@10)
SE_1,0.03153153153153153,0.030030030030030026,0.027927927927927934,0.02567567567567568
SE_2,0.30180180180180183,0.2957957957957958,0.26306306306306304,0.18558558558558563
SE_3,0.23873873873873874,0.2057057057057057,0.18648648648648647,0.14324324324324325
