Search Engine,mean(F_measure)
SE_1,0.2479489761054636
SE_2,0.1777244934375059
SE_3,0.2532982144092473
